{"1.5e-06": {"train_loss": [0.048504486083984374, 2.2493375396728514], "train_acc": [0.0025, 0.14015625], "val_step_loss": [2.4270201683044434, 2.1439591109752656], "val_step_acc": [0.1044, 0.2188], "val_step_lr": [], "lr": [1.5e-06, 1.5e-06, 1.5e-06, 1.5e-06]}, "2.25e-06": {"train_loss": [0.04957412719726562, 2.197847671508789], "train_acc": [0.00140625, 0.1746875], "val_step_loss": [2.420421814918518, 2.083985757827759], "val_step_acc": [0.092, 0.2424], "val_step_lr": [], "lr": [2.25e-06, 2.25e-06, 2.25e-06, 2.25e-06]}, "3.375e-06": {"train_loss": [0.05001937866210938, 2.135019989013672], "train_acc": [0.00203125, 0.18671875], "val_step_loss": [2.4212716698646544, 2.0102105379104613], "val_step_acc": [0.1128, 0.268], "val_step_lr": [], "lr": [3.375e-06, 3.375e-06, 3.375e-06, 3.375e-06]}, "5.062499999999999e-06": {"train_loss": [0.04802536010742187, 2.1198960876464845], "train_acc": [0.0021875, 0.20328125], "val_step_loss": [2.3984554052352904, 1.9512310206890107], "val_step_acc": [0.13, 0.2932], "val_step_lr": [], "lr": [5.062499999999999e-06, 5.062499999999999e-06, 5.062499999999999e-06, 5.062499999999999e-06]}, "7.59375e-06": {"train_loss": [0.04824966430664063, 2.060147705078125], "train_acc": [0.0021875, 0.219375], "val_step_loss": [2.350776183605194, 1.9002389430999755], "val_step_acc": [0.1264, 0.3136], "val_step_lr": [], "lr": [7.59375e-06, 7.59375e-06, 7.59375e-06, 7.59375e-06]}, "1.1390624999999999e-05": {"train_loss": [0.0500323486328125, 2.0305578231811525], "train_acc": [0.00109375, 0.23828125], "val_step_loss": [2.373610520362854, 1.8545685470104218], "val_step_acc": [0.1156, 0.3396], "val_step_lr": [], "lr": [1.1390624999999999e-05, 1.1390624999999999e-05, 1.1390624999999999e-05, 1.1390624999999999e-05]}, "1.7085937499999998e-05": {"train_loss": [0.048679656982421875, 2.003609256744385], "train_acc": [0.0015625, 0.24828125], "val_step_loss": [2.3609829545021057, 1.8456945240497589], "val_step_acc": [0.122, 0.3324], "val_step_lr": [], "lr": [1.7085937499999998e-05, 1.7085937499999998e-05, 1.7085937499999998e-05, 1.7085937499999998e-05]}, "2.562890625e-05": {"train_loss": [0.04847091674804688, 1.9866389846801757], "train_acc": [0.00234375, 0.25703125], "val_step_loss": [2.304371345043182, 1.8241563379764556], "val_step_acc": [0.1512, 0.336], "val_step_lr": [], "lr": [2.562890625e-05, 2.562890625e-05, 2.562890625e-05, 2.562890625e-05]}, "3.8443359375e-05": {"train_loss": [0.0507489013671875, 1.9457312965393065], "train_acc": [0.00203125, 0.278125], "val_step_loss": [2.2685302734375, 1.784422516822815], "val_step_acc": [0.154, 0.3592], "val_step_lr": [], "lr": [3.8443359375e-05, 3.8443359375e-05, 3.8443359375e-05, 3.8443359375e-05]}, "5.76650390625e-05": {"train_loss": [0.04861419677734375, 1.9351896667480468], "train_acc": [0.0021875, 0.29046875], "val_step_loss": [2.2680620908737184, 1.7667220950126648], "val_step_acc": [0.1944, 0.36], "val_step_lr": [], "lr": [5.76650390625e-05, 5.76650390625e-05, 5.76650390625e-05, 5.76650390625e-05]}, "8.649755859375e-05": {"train_loss": [0.04873550415039062, 1.9662239170074463], "train_acc": [0.00203125, 0.27375], "val_step_loss": [2.271643614768982, 1.7654299557209014], "val_step_acc": [0.1756, 0.368], "val_step_lr": [], "lr": [8.649755859375e-05, 8.649755859375e-05, 8.649755859375e-05, 8.649755859375e-05]}, "0.00012974633789062499": {"train_loss": [0.04920333862304688, 1.9653167724609375], "train_acc": [0.00140625, 0.28671875], "val_step_loss": [2.272370195388794, 1.7767595112323762], "val_step_acc": [0.1888, 0.3604], "val_step_lr": [], "lr": [0.00012974633789062499, 0.00012974633789062499, 0.00012974633789062499, 0.00012974633789062499]}, "0.0001946195068359375": {"train_loss": [0.0476483154296875, 2.006939525604248], "train_acc": [0.0028125, 0.26203125], "val_step_loss": [2.54723265171051, 1.7781467199325562], "val_step_acc": [0.2216, 0.352], "val_step_lr": [], "lr": [0.0001946195068359375, 0.0001946195068359375, 0.0001946195068359375, 0.0001946195068359375]}, "0.0002919292602539062": {"train_loss": [0.04930221557617188, 2.0556667947769167], "train_acc": [0.00171875, 0.25203125], "val_step_loss": [2.761048913002014, 1.9079310655593873], "val_step_acc": [0.1736, 0.2968], "val_step_lr": [], "lr": [0.0002919292602539062, 0.0002919292602539062, 0.0002919292602539062, 0.0002919292602539062]}, "0.00043789389038085934": {"train_loss": [0.048284912109375, 2.2092087125778197], "train_acc": [0.00203125, 0.215], "val_step_loss": [3.2632396101951597, 1.9704041361808777], "val_step_acc": [0.206, 0.2652], "val_step_lr": [], "lr": [0.00043789389038085934, 0.00043789389038085934, 0.00043789389038085934, 0.00043789389038085934]}, "0.000656840835571289": {"train_loss": [0.0483013916015625, 2.3226238441467286], "train_acc": [0.00125, 0.188125], "val_step_loss": [3.3706676602363586, 2.0310181081295013], "val_step_acc": [0.1672, 0.2416], "val_step_lr": [], "lr": [0.000656840835571289, 0.000656840835571289, 0.000656840835571289, 0.000656840835571289]}, "0.0009852612533569336": {"train_loss": [0.04739959716796875, 2.448032808303833], "train_acc": [0.00203125, 0.168125], "val_step_loss": [4.4808512926101685, 2.129042661190033], "val_step_acc": [0.1572, 0.1864], "val_step_lr": [], "lr": [0.0009852612533569336, 0.0009852612533569336, 0.0009852612533569336, 0.0009852612533569336]}, "0.0014778918800354003": {"train_loss": [0.047030181884765626, 2.632839412689209], "train_acc": [0.00328125, 0.150625], "val_step_loss": [5.0652422428131105, 2.104021030664444], "val_step_acc": [0.1592, 0.2016], "val_step_lr": [], "lr": [0.0014778918800354003, 0.0014778918800354003, 0.0014778918800354003, 0.0014778918800354003]}, "0.0022168378200531007": {"train_loss": [0.048161163330078124, 2.757165355682373], "train_acc": [0.00140625, 0.1396875], "val_step_loss": [5.114329624176025, 2.178249883651733], "val_step_acc": [0.1796, 0.1576], "val_step_lr": [], "lr": [0.0022168378200531007, 0.0022168378200531007, 0.0022168378200531007, 0.0022168378200531007]}, "0.0033252567300796508": {"train_loss": [0.05003326416015625, 2.780701675415039], "train_acc": [0.00125, 0.1140625], "val_step_loss": [4.582527029514313, 2.3155571103096007], "val_step_acc": [0.1384, 0.1644], "val_step_lr": [], "lr": [0.0033252567300796508, 0.0033252567300796508, 0.0033252567300796508, 0.0033252567300796508]}, "0.004987885095119476": {"train_loss": [0.049242401123046876, 3.3061481285095216], "train_acc": [0.0021875, 0.09953125], "val_step_loss": [5.24105315208435, 2.3351783871650698], "val_step_acc": [0.1264, 0.1], "val_step_lr": [], "lr": [0.004987885095119476, 0.004987885095119476, 0.004987885095119476, 0.004987885095119476]}, "0.0074818276426792145": {"train_loss": [0.046768798828125, 3.1898006916046144], "train_acc": [0.0025, 0.095625], "val_step_loss": [7.024756741523743, 2.3874794840812683], "val_step_acc": [0.12, 0.1], "val_step_lr": [], "lr": [0.0074818276426792145, 0.0074818276426792145, 0.0074818276426792145, 0.0074818276426792145]}, "0.011222741464018821": {"train_loss": [0.049161224365234374, 4.013265027999878], "train_acc": [0.0021875, 0.0971875], "val_step_loss": [6.457750701904297, 2.482376825809479], "val_step_acc": [0.124, 0.1], "val_step_lr": [], "lr": [0.011222741464018821, 0.011222741464018821, 0.011222741464018821, 0.011222741464018821]}, "0.01683411219602823": {"train_loss": [0.05152847290039062, 4.696698780059815], "train_acc": [0.00046875, 0.09703125], "val_step_loss": [8.451337957382203, 2.558296859264374], "val_step_acc": [0.1, 0.1], "val_step_lr": [], "lr": [0.01683411219602823, 0.01683411219602823, 0.01683411219602823, 0.01683411219602823]}, "0.025251168294042347": {"train_loss": [0.04850555419921875, NaN], "train_acc": [0.00203125, 0.099375], "val_step_loss": [7.229183530807495, 3.340309131145477], "val_step_acc": [0.1, 0.1], "val_step_lr": [], "lr": [0.025251168294042347, 0.025251168294042347, 0.025251168294042347, 0.025251168294042347]}, "0.03787675244106352": {"train_loss": [0.047533721923828126, NaN], "train_acc": [0.0028125, 0.09765625],