{"0.001": {"train_loss": [0.023522911071777345, 2.110689430236816], "train_acc": [0.00140625, 0.217109375], "val_step_loss": [2.3560849895960168, 2.007068763805341], "val_step_acc": [0.1297, 0.2832], "val_step_lr": [], "lr": [0.001, 0.001, 0.001, 0.001]}, "0.002": {"train_loss": [0.024019088745117188, 2.0616055870056154], "train_acc": [0.0009375, 0.229140625], "val_step_loss": [2.4311416813089877, 1.9228914930850645], "val_step_acc": [0.0986, 0.3007], "val_step_lr": [], "lr": [0.002, 0.002, 0.002, 0.002]}, "0.003": {"train_loss": [0.02453224182128906, 2.0259613227844238], "train_acc": [0.000546875, 0.256484375], "val_step_loss": [2.333485156674928, 1.8827437901798683], "val_step_acc": [0.1465, 0.3266], "val_step_lr": [], "lr": [0.003, 0.003, 0.003, 0.003]}, "0.004": {"train_loss": [0.02549659729003906, 2.00569149017334], "train_acc": [0.00109375, 0.261015625], "val_step_loss": [2.4215527637095393, 1.8702562821062305], "val_step_acc": [0.0946, 0.3311], "val_step_lr": [], "lr": [0.004, 0.004, 0.004, 0.004]}, "0.005": {"train_loss": [0.02486473083496094, 1.970911636352539], "train_acc": [0.000625, 0.275234375], "val_step_loss": [2.3768744710125502, 1.847536702699299], "val_step_acc": [0.1262, 0.349], "val_step_lr": [], "lr": [0.005, 0.005, 0.005, 0.005]}, "0.006": {"train_loss": [0.02488227844238281, 1.954112491607666], "train_acc": [0.000625, 0.28046875], "val_step_loss": [2.3326728525041025, 1.8081922998911217], "val_step_acc": [0.1215, 0.3522], "val_step_lr": [], "lr": [0.006, 0.006, 0.006, 0.006]}, "0.007": {"train_loss": [0.023902816772460936, 1.9546655750274657], "train_acc": [0.00125, 0.287890625], "val_step_loss": [2.335312695442876, 1.8112642025645775], "val_step_acc": [0.1495, 0.349], "val_step_lr": [], "lr": [0.007, 0.007, 0.007, 0.007]}, "0.008": {"train_loss": [0.0248345947265625, 1.9436539268493653], "train_acc": [0.00078125, 0.284609375], "val_step_loss": [2.3147480095489117, 1.7999585685850699], "val_step_acc": [0.1532, 0.3592], "val_step_lr": [], "lr": [0.008, 0.008, 0.008, 0.008]}, "0.009000000000000001": {"train_loss": [0.024800796508789063, 1.93766414642334], "train_acc": [0.00078125, 0.291015625], "val_step_loss": [2.309664886209029, 1.8271847118305256], "val_step_acc": [0.1444, 0.3455], "val_step_lr": [], "lr": [0.009000000000000001, 0.009000000000000001, 0.009000000000000001, 0.009000000000000001]}, "0.010000000000000002": {"train_loss": [0.025137557983398437, 1.9143649291992189], "train_acc": [0.00078125, 0.298125], "val_step_loss": [2.2884823732738253, 1.7641591452345062], "val_step_acc": [0.1496, 0.3689], "val_step_lr": [], "lr": [0.010000000000000002, 0.010000000000000002, 0.010000000000000002, 0.010000000000000002]}, "0.011": {"train_loss": [0.0240277099609375, 1.924680881500244], "train_acc": [0.00125, 0.294453125], "val_step_loss": [2.2697969886321054, 1.795348458652255], "val_step_acc": [0.1749, 0.356], "val_step_lr": [], "lr": [0.011, 0.011, 0.011, 0.011]}, "0.012": {"train_loss": [0.024421005249023436, 1.941918888092041], "train_acc": [0.00078125, 0.28625], "val_step_loss": [2.287924304793153, 1.7868057112150555], "val_step_acc": [0.1595, 0.3632], "val_step_lr": [], "lr": [0.012, 0.012, 0.012, 0.012]}, "0.013000000000000001": {"train_loss": [0.025553054809570312, 1.9345832252502442], "train_acc": [0.000546875, 0.288828125], "val_step_loss": [2.2590667386598224, 1.7955872061886364], "val_step_acc": [0.1632, 0.3538], "val_step_lr": [], "lr": [0.013000000000000001, 0.013000000000000001, 0.013000000000000001, 0.013000000000000001]}, "0.014000000000000002": {"train_loss": [0.025305099487304687, 1.9276424407958985], "train_acc": [0.00078125, 0.29203125], "val_step_loss": [2.259449168096615, 1.7645663022994995], "val_step_acc": [0.1783, 0.3734], "val_step_lr": [], "lr": [0.014000000000000002, 0.014000000000000002, 0.014000000000000002, 0.014000000000000002]}, "0.015": {"train_loss": [0.024788894653320313, 1.9235303211212158], "train_acc": [0.000859375, 0.29234375], "val_step_loss": [2.3481903287428842, 1.7717141848576219], "val_step_acc": [0.1566, 0.3607], "val_step_lr": [], "lr": [0.015, 0.015, 0.015, 0.015]}, "0.016": {"train_loss": [0.024988174438476562, 1.923044538497925], "train_acc": [0.0009375, 0.296953125], "val_step_loss": [2.3091092320937143, 1.8054634393015994], "val_step_acc": [0.1492, 0.3553], "val_step_lr": [], "lr": [0.016, 0.016, 0.016, 0.016]}, "0.017": {"train_loss": [0.0234423828125, 1.9267623615264893], "train_acc": [0.001015625, 0.298125], "val_step_loss": [2.24243066280703, 1.7900788165345978], "val_step_acc": [0.1994, 0.3554], "val_step_lr": [], "lr": [0.017, 0.017, 0.017, 0.017]}, "0.018000000000000002": {"train_loss": [0.023835105895996092, 1.9418885707855225], "train_acc": [0.00125, 0.28359375], "val_step_loss": [2.2540162213241, 1.7353021826925157], "val_step_acc": [0.1727, 0.3792], "val_step_lr": [], "lr": [0.018000000000000002, 0.018000000000000002, 0.018000000000000002, 0.018000000000000002]}, "0.019000000000000003": {"train_loss": [0.023873825073242188, 1.9301574230194092], "train_acc": [0.00140625, 0.294765625], "val_step_loss": [2.340855097468895, 1.7873506304583973], "val_step_acc": [0.167, 0.3631], "val_step_lr": [], "lr": [0.019000000000000003, 0.019000000000000003, 0.019000000000000003, 0.019000000000000003]}, "0.02": {"train_loss": [0.024804229736328124, 1.9266144561767578], "train_acc": [0.00078125, 0.29390625], "val_step_loss": [2.2358571577675734, 1.7587717650811883], "val_step_acc": [0.1907, 0.3736], "val_step_lr": [], "lr": [0.02, 0.02, 0.02, 0.02]}, "0.021": {"train_loss": [0.024572067260742188, 1.9371025848388672], "train_acc": [0.00078125, 0.291015625], "val_step_loss": [2.366978904868983, 1.739539718326134], "val_step_acc": [0.1528, 0.3796], "val_step_lr": [], "lr": [0.021, 0.021, 0.021, 0.021]}, "0.022000000000000002": {"train_loss": [0.024945526123046874, 1.9497480058670045], "train_acc": [0.000625, 0.292421875], "val_step_loss": [2.2685989156554016, 1.75981328155421], "val_step_acc": [0.1996, 0.375], "val_step_lr": [], "lr": [0.022000000000000002, 0.022000000000000002, 0.022000000000000002, 0.022000000000000002]}, "0.023": {"train_loss": [0.025028076171875, 1.9372686386108398], "train_acc": [0.000859375, 0.29234375], "val_step_loss": [2.377637959733794, 1.758021043825753], "val_step_acc": [0.1874, 0.3722], "val_step_lr": [], "lr": [0.023, 0.023, 0.023, 0.023]}, "0.024": {"train_loss": [0.023973846435546876, 1.9515300059318543], "train_acc": [0.000859375, 0.2840625], "val_step_loss": [2.279491234429275, 1.7985222068014024], "val_step_acc": [0.1914, 0.3449], "val_step_lr": [], "lr": [0.024, 0.024, 0.024, 0.024]}, "0.025": {"train_loss": [0.025557022094726562, 1.9496874189376832], "train_acc": [0.00109375, 0.285859375], "val_step_loss": [2.3061473731753193, 1.7822839519645595], "val_step_acc": [0.1808, 0.3669], "val_step_lr": [], "lr": [0.025, 0.025, 0.025, 0.025]}, "0.026000000000000002": {"train_loss": [0.02394287109375, 1.9354300498962402], "train_acc": [0.001171875, 0.294765625], "val_step_loss": [2.3119022242630582, 1.7344556096233898], "val_step_acc": [0.1616, 0.3787], "val_step_lr": [], "lr": [0.026000000000000002, 0.026000000000000002, 0.026000000000000002, 0.026000000000000002]}, "0.027000000000000003": {"train_loss": [0.024434890747070313, 1.9440970623493194], "train_acc": [0.000703125, 0.291953125], "val_step_loss": [2.2973793880848943, 1.7168042554131038], "val_step_acc": [0.1629, 0.3848], "val_step_lr": [], "lr": [0.027000000000000003, 0.027000000000000003, 0.027000000000000003, 0.027000000000000003]}, "0.028": {"train_loss": [0.025026626586914062, 1.9706671261787414], "train_acc": [0.000859375, 0.2803125], "val_step_loss": [2.286594928065433, 1.771728216847287], "val_step_acc": [0.1864, 0.374], "val_step_lr": [], "lr": [0.028, 0.028, 0.028, 0.028]}, "0.029": {"train_loss": [0.02499671936035156, 1.9680761551856996], "train_acc": [0.0009375, 0.284375], "val_step_loss": [2.3291398105742056, 1.7950915777230565], "val_step_acc": [0.1841, 0.3621], "val_step_lr": [],