{"0.001": {"train_loss": [0.026428146362304686, 2.436635022163391], "train_acc": [0.00078125, 0.1071875], "val_step_loss": [2.3228009290333036, 2.446621774118158], "val_step_acc": [0.1061, 0.1079], "val_step_lr": [], "lr": [0.001, 0.001, 0.001, 0.001]}, "0.002": {"train_loss": [0.02523914337158203, 2.4202555274963378], "train_acc": [0.001171875, 0.1096875], "val_step_loss": [2.397669490379623, 2.4033319587948956], "val_step_acc": [0.1011, 0.1261], "val_step_lr": [], "lr": [0.002, 0.002, 0.002, 0.002]}, "0.003": {"train_loss": [0.02538980484008789, 2.408341872692108], "train_acc": [0.0009375, 0.1165625], "val_step_loss": [2.3121628942368906, 2.3774944981442223], "val_step_acc": [0.0898, 0.1381], "val_step_lr": [], "lr": [0.003, 0.003, 0.003, 0.003]}, "0.004": {"train_loss": [0.026980934143066407, 2.4099253606796265], "train_acc": [0.00109375, 0.12421875], "val_step_loss": [2.3044573415683796, 2.425359952298901], "val_step_acc": [0.0981, 0.1496], "val_step_lr": [], "lr": [0.004, 0.004, 0.004, 0.004]}, "0.005": {"train_loss": [0.026967716217041016, 2.4305944061279297], "train_acc": [0.001171875, 0.125546875], "val_step_loss": [2.335069013547294, 2.40469180783139], "val_step_acc": [0.1083, 0.1431], "val_step_lr": [], "lr": [0.005, 0.005, 0.005, 0.005]}, "0.006": {"train_loss": [0.028670272827148437, 2.470209813117981], "train_acc": [0.00109375, 0.112578125], "val_step_loss": [2.31501154356365, 2.4871972603133963], "val_step_acc": [0.0879, 0.1305], "val_step_lr": [], "lr": [0.006, 0.006, 0.006, 0.006]}, "0.007": {"train_loss": [0.026058349609375, 2.468909320831299], "train_acc": [0.000546875, 0.13171875], "val_step_loss": [2.3176309458817106, 2.56719284419772], "val_step_acc": [0.0866, 0.1631], "val_step_lr": [], "lr": [0.007, 0.007, 0.007, 0.007]}, "0.008": {"train_loss": [0.027040557861328127, 2.6009870052337645], "train_acc": [0.000859375, 0.11359375], "val_step_loss": [2.331429297410989, 2.573582658284827], "val_step_acc": [0.1061, 0.1446], "val_step_lr": [], "lr": [0.008, 0.008, 0.008, 0.008]}, "0.009000000000000001": {"train_loss": [0.026318893432617188, 2.656797709465027], "train_acc": [0.0009375, 0.133046875], "val_step_loss": [2.3002283995664574, 2.4315604077109807], "val_step_acc": [0.1214, 0.1594], "val_step_lr": [], "lr": [0.009000000000000001, 0.009000000000000001, 0.009000000000000001, 0.009000000000000001]}, "0.010000000000000002": {"train_loss": [0.024847793579101562, 2.688876595497131], "train_acc": [0.00140625, 0.136953125], "val_step_loss": [2.301712410359443, 3.1590632004073904], "val_step_acc": [0.1029, 0.1514], "val_step_lr": [], "lr": [0.010000000000000002, 0.010000000000000002, 0.010000000000000002, 0.010000000000000002]}, "0.011": {"train_loss": [0.026330795288085938, 2.8251342463493345], "train_acc": [0.00078125, 0.132109375], "val_step_loss": [2.3947107459925396, 2.719441836393332], "val_step_acc": [0.0948, 0.1625], "val_step_lr": [], "lr": [0.011, 0.011, 0.011, 0.011]}, "0.012": {"train_loss": [0.02618743896484375, 2.8791266536712645], "train_acc": [0.001171875, 0.128828125], "val_step_loss": [2.3270039860206313, 2.749985881998569], "val_step_acc": [0.1041, 0.1503], "val_step_lr": [], "lr": [0.012, 0.012, 0.012, 0.012]}, "0.013000000000000001": {"train_loss": [0.026458663940429686, 3.008237571716309], "train_acc": [0.000625, 0.1290625], "val_step_loss": [2.356946160521688, 2.3460431400733657], "val_step_acc": [0.107, 0.178], "val_step_lr": [], "lr": [0.013000000000000001, 0.013000000000000001, 0.013000000000000001, 0.013000000000000001]}, "0.014000000000000002": {"train_loss": [0.02582836151123047, 3.194028480052948], "train_acc": [0.001015625, 0.13671875], "val_step_loss": [2.3314117449748366, 2.4838274973857253], "val_step_acc": [0.0991, 0.1797], "val_step_lr": [], "lr": [0.014000000000000002, 0.014000000000000002, 0.014000000000000002, 0.014000000000000002]}, "0.015": {"train_loss": [0.030230026245117187, 3.2464280915260315], "train_acc": [0.000546875, 0.1334375], "val_step_loss": [2.3065335599681998, 2.4937475421760658], "val_step_acc": [0.0973, 0.1762], "val_step_lr": [], "lr": [0.015, 0.015, 0.015, 0.015]}, "0.016": {"train_loss": [0.027654495239257813, 3.2814996671676635], "train_acc": [0.001171875, 0.137578125], "val_step_loss": [2.330265271512768, 3.268273951132086], "val_step_acc": [0.0987, 0.195], "val_step_lr": [], "lr": [0.016, 0.016, 0.016, 0.016]}, "0.017": {"train_loss": [0.024803466796875, 3.287341921329498], "train_acc": [0.00125, 0.14171875], "val_step_loss": [2.344249538228482, 2.9823830942564373], "val_step_acc": [0.1014, 0.2031], "val_step_lr": [], "lr": [0.017, 0.017, 0.017, 0.017]}, "0.018000000000000002": {"train_loss": [0.02555713653564453, 3.3584710431098936], "train_acc": [0.00125, 0.144609375], "val_step_loss": [2.3199211404293396, 2.32240305671209], "val_step_acc": [0.0889, 0.1657], "val_step_lr": [], "lr": [0.018000000000000002, 0.018000000000000002, 0.018000000000000002, 0.018000000000000002]}, "0.019000000000000003": {"train_loss": [0.027035636901855467, 3.4823903012275697], "train_acc": [0.000859375, 0.140078125], "val_step_loss": [2.321675771399389, 3.0556352621392358], "val_step_acc": [0.1142, 0.1999], "val_step_lr": [], "lr": [0.019000000000000003, 0.019000000000000003, 0.019000000000000003, 0.019000000000000003]}, "0.02": {"train_loss": [0.026453828811645506, 3.3493393015861512], "train_acc": [0.00078125, 0.1453125], "val_step_loss": [2.3253382912165, 2.5387677240975295], "val_step_acc": [0.091, 0.1932], "val_step_lr": [], "lr": [0.02, 0.02, 0.02, 0.02]}, "0.021": {"train_loss": [0.02616565704345703, 3.4635389494895934], "train_acc": [0.000859375, 0.1509375], "val_step_loss": [2.3270266931268235, 3.3899933054477356], "val_step_acc": [0.1188, 0.2079], "val_step_lr": [], "lr": [0.021, 0.021, 0.021, 0.021]}, "0.022000000000000002": {"train_loss": [0.026298589706420898, 3.5672648668289186], "train_acc": [0.001484375, 0.143515625], "val_step_loss": [2.315602160707305, 2.447936562043202], "val_step_acc": [0.1339, 0.2025], "val_step_lr": [], "lr": [0.022000000000000002, 0.022000000000000002, 0.022000000000000002, 0.022000000000000002]}, "0.023": {"train_loss": [0.026870269775390625, 3.590128016471863], "train_acc": [0.001171875, 0.137578125], "val_step_loss": [2.338131955907315, 2.35740163356443], "val_step_acc": [0.0995, 0.2081], "val_step_lr": [], "lr": [0.023, 0.023, 0.023, 0.023]}, "0.024": {"train_loss": [0.025870285034179687, 3.5917617654800416], "train_acc": [0.00125, 0.15484375], "val_step_loss": [2.3102741482891616, 2.130477751357646], "val_step_acc": [0.0929, 0.208], "val_step_lr": [], "lr": [0.024, 0.024, 0.024, 0.024]}, "0.025": {"train_loss": [0.02657379150390625, 3.4008278179168703], "train_acc": [0.000859375, 0.153359375], "val_step_loss": [2.323856718932526, 2.292921306211737], "val_step_acc": [0.0848, 0.2289], "val_step_lr": [], "lr": [0.025, 0.025, 0.025, 0.025]}, "0.026000000000000002": {"train_loss": [0.026837615966796874, 3.6110099482536318], "train_acc": [0.0009375, 0.144453125], "val_step_loss": [2.353905409197264, 3.1601542973820167], "val_step_acc": [0.0783, 0.1894], "val_step_lr": [], "lr": [0.026000000000000002, 0.026000000000000002, 0.026000000000000002, 0.026000000000000002]}, "0.027000000000000003": {"train_loss": [0.02738218307495117, 3.5997237253189085], "train_acc": [0.0009375, 0.154765625], "val_step_loss": [2.304084343246267, 2.223912714402887], "val_step_acc": [0.0983, 0.2053], "val_step_lr": [], "lr": [0.027000000000000003, 0.027000000000000003, 0.027000000000000003, 0.027000000000000003]}, "0.028": {"train_loss": [0.025547447204589843, 3.7194714903831483], "train_acc": [0.0009375, 0.15], "val_step_loss": [2.3189014452922194, 2.708907901486264], "val_step_acc": [0.0896, 0.2338], "val_step_lr": [], "lr": [0.028, 0.028, 0.028, 0.028]}, "0.029": {"train_loss": [0.02797271728515625, 3.6841678071022033], "train_acc": [0.000859375, 0.1503125], "val_step_loss": [2.3082794811152203, 2.3914420574526245], "val_step_acc": [0.1047, 0.2064], "val_step_lr": [],