{"0.001": {"train_loss": [0.02426177978515625, 2.299167470932007], "train_acc": [0.00125, 0.153671875], "val_step_loss": [2.332373875605909, 2.2129930574682692], "val_step_acc": [0.1022, 0.1897], "val_step_lr": [], "lr": [0.001, 0.001, 0.001, 0.001]}, "0.002": {"train_loss": [0.02536548614501953, 2.245840377807617], "train_acc": [0.00109375, 0.170078125], "val_step_loss": [2.3288652685624136, 2.1123331558855276], "val_step_acc": [0.1111, 0.2246], "val_step_lr": [], "lr": [0.002, 0.002, 0.002, 0.002]}, "0.003": {"train_loss": [0.025133895874023437, 2.215463275909424], "train_acc": [0.0009375, 0.178515625], "val_step_loss": [2.3414886329747455, 2.0614257930200313], "val_step_acc": [0.096, 0.2456], "val_step_lr": [], "lr": [0.003, 0.003, 0.003, 0.003]}, "0.004": {"train_loss": [0.02689079284667969, 2.150406017303467], "train_acc": [0.000546875, 0.1971875], "val_step_loss": [2.326959697506096, 1.9977514879612983], "val_step_acc": [0.0692, 0.259], "val_step_lr": [], "lr": [0.004, 0.004, 0.004, 0.004]}, "0.005": {"train_loss": [0.027568511962890625, 2.146249918937683], "train_acc": [0.000625, 0.19625], "val_step_loss": [2.3477956433839435, 2.003078607064259], "val_step_acc": [0.0862, 0.2645], "val_step_lr": [], "lr": [0.005, 0.005, 0.005, 0.005]}, "0.006": {"train_loss": [0.024856986999511718, 2.125644283294678], "train_acc": [0.00109375, 0.215859375], "val_step_loss": [2.3113214094427565, 1.936804386633861], "val_step_acc": [0.0942, 0.2911], "val_step_lr": [], "lr": [0.006, 0.006, 0.006, 0.006]}, "0.007": {"train_loss": [0.025525970458984373, 2.087792057991028], "train_acc": [0.00109375, 0.2196875], "val_step_loss": [2.308146603499787, 1.901541024823732], "val_step_acc": [0.1038, 0.2962], "val_step_lr": [], "lr": [0.007, 0.007, 0.007, 0.007]}, "0.008": {"train_loss": [0.026143875122070313, 2.083534164428711], "train_acc": [0.000546875, 0.227734375], "val_step_loss": [2.31933656825295, 1.88550914088382], "val_step_acc": [0.0821, 0.3106], "val_step_lr": [], "lr": [0.008, 0.008, 0.008, 0.008]}, "0.009000000000000001": {"train_loss": [0.025907058715820313, 2.0516562557220457], "train_acc": [0.000703125, 0.235078125], "val_step_loss": [2.310987427264829, 1.8482271855390524], "val_step_acc": [0.0953, 0.3132], "val_step_lr": [], "lr": [0.009000000000000001, 0.009000000000000001, 0.009000000000000001, 0.009000000000000001]}, "0.010000000000000002": {"train_loss": [0.027204818725585937, 2.043525061607361], "train_acc": [0.00046875, 0.233984375], "val_step_loss": [2.316287819343277, 1.8642973567866072], "val_step_acc": [0.102, 0.3131], "val_step_lr": [], "lr": [0.010000000000000002, 0.010000000000000002, 0.010000000000000002, 0.010000000000000002]}, "0.011": {"train_loss": [0.024661216735839844, 2.0073527669906617], "train_acc": [0.001328125, 0.250390625], "val_step_loss": [2.338438474679295, 1.8410070651694188], "val_step_acc": [0.0925, 0.3214], "val_step_lr": [], "lr": [0.011, 0.011, 0.011, 0.011]}, "0.012": {"train_loss": [0.024223976135253907, 2.0374060547351838], "train_acc": [0.001484375, 0.23796875], "val_step_loss": [2.30934675132172, 1.8321965797038018], "val_step_acc": [0.1017, 0.3237], "val_step_lr": [], "lr": [0.012, 0.012, 0.012, 0.012]}, "0.013000000000000001": {"train_loss": [0.024734039306640625, 2.016935772895813], "train_acc": [0.00125, 0.251640625], "val_step_loss": [2.3294619608529006, 1.8262861378585236], "val_step_acc": [0.1051, 0.331], "val_step_lr": [], "lr": [0.013000000000000001, 0.013000000000000001, 0.013000000000000001, 0.013000000000000001]}, "0.014000000000000002": {"train_loss": [0.025600967407226564, 2.0029010260105133], "train_acc": [0.001015625, 0.25484375], "val_step_loss": [2.313089491445807, 1.7811231326453294], "val_step_acc": [0.1203, 0.3364], "val_step_lr": [], "lr": [0.014000000000000002, 0.014000000000000002, 0.014000000000000002, 0.014000000000000002]}, "0.015": {"train_loss": [0.025167388916015623, 2.015109021663666], "train_acc": [0.00078125, 0.24796875], "val_step_loss": [2.310865027995049, 1.8374822335907175], "val_step_acc": [0.0854, 0.3193], "val_step_lr": [], "lr": [0.015, 0.015, 0.015, 0.015]}, "0.016": {"train_loss": [0.025727691650390624, 1.9910972714424133], "train_acc": [0.001015625, 0.261640625], "val_step_loss": [2.3092894222162945, 1.7865436590170558], "val_step_acc": [0.1111, 0.3424], "val_step_lr": [], "lr": [0.016, 0.016, 0.016, 0.016]}, "0.017": {"train_loss": [0.0253125, 2.0006780970096587], "train_acc": [0.001015625, 0.26125], "val_step_loss": [2.3089533606662025, 1.7824407936651496], "val_step_acc": [0.1108, 0.3468], "val_step_lr": [], "lr": [0.017, 0.017, 0.017, 0.017]}, "0.018000000000000002": {"train_loss": [0.02503742218017578, 1.975920388698578], "train_acc": [0.001171875, 0.263359375], "val_step_loss": [2.306419191481192, 1.7289918842194956], "val_step_acc": [0.1016, 0.3597], "val_step_lr": [], "lr": [0.018000000000000002, 0.018000000000000002, 0.018000000000000002, 0.018000000000000002]}, "0.019000000000000003": {"train_loss": [0.026061935424804686, 2.0000688564777374], "train_acc": [0.0009375, 0.256484375], "val_step_loss": [2.3415790207778353, 1.773601364485825], "val_step_acc": [0.0938, 0.3556], "val_step_lr": [], "lr": [0.019000000000000003, 0.019000000000000003, 0.019000000000000003, 0.019000000000000003]}, "0.02": {"train_loss": [0.026392822265625, 1.9671803629398346], "train_acc": [0.00078125, 0.273203125], "val_step_loss": [2.322308504128758, 1.786317129678364], "val_step_acc": [0.0956, 0.3431], "val_step_lr": [], "lr": [0.02, 0.02, 0.02, 0.02]}, "0.021": {"train_loss": [0.025368499755859374, 1.9663153457641602], "train_acc": [0.0009375, 0.273515625], "val_step_loss": [2.3100686556176293, 1.8368562459945679], "val_step_acc": [0.1329, 0.3294], "val_step_lr": [], "lr": [0.021, 0.021, 0.021, 0.021]}, "0.022000000000000002": {"train_loss": [0.025439138412475585, 1.954381217956543], "train_acc": [0.000859375, 0.275234375], "val_step_loss": [2.3256802287282823, 1.7837426375739183], "val_step_acc": [0.1011, 0.3548], "val_step_lr": [], "lr": [0.022000000000000002, 0.022000000000000002, 0.022000000000000002, 0.022000000000000002]}, "0.023": {"train_loss": [0.024683151245117187, 1.951770852804184], "train_acc": [0.001015625, 0.27640625], "val_step_loss": [2.309537338305123, 1.7543172323251073], "val_step_acc": [0.0895, 0.3504], "val_step_lr": [], "lr": [0.023, 0.023, 0.023, 0.023]}, "0.024": {"train_loss": [0.025782394409179687, 1.9551428306102752], "train_acc": [0.000859375, 0.27265625], "val_step_loss": [2.335978839970842, 1.8104093512402306], "val_step_acc": [0.1014, 0.3372], "val_step_lr": [], "lr": [0.024, 0.024, 0.024, 0.024]}, "0.025": {"train_loss": [0.02683685302734375, 1.9579487824440003], "train_acc": [0.000859375, 0.274140625], "val_step_loss": [2.326073522809186, 1.8170410847362084], "val_step_acc": [0.0931, 0.3297], "val_step_lr": [], "lr": [0.025, 0.025, 0.025, 0.025]}, "0.026000000000000002": {"train_loss": [0.025696563720703124, 1.9565123462677], "train_acc": [0.00109375, 0.27390625], "val_step_loss": [2.358481090280074, 1.883620716348479], "val_step_acc": [0.1006, 0.3362], "val_step_lr": [], "lr": [0.026000000000000002, 0.026000000000000002, 0.026000000000000002, 0.026000000000000002]}, "0.027000000000000003": {"train_loss": [0.02649871826171875, 1.960782334804535], "train_acc": [0.001015625, 0.28265625], "val_step_loss": [2.3328190755240525, 1.751349532151524], "val_step_acc": [0.1002, 0.3572], "val_step_lr": [], "lr": [0.027000000000000003, 0.027000000000000003, 0.027000000000000003, 0.027000000000000003]}, "0.028": {"train_loss": [0.02625011444091797, 1.9628159868717194], "train_acc": [0.000859375, 0.272265625], "val_step_loss": [2.312294250802149, 1.86593644830245], "val_step_acc": [0.0731, 0.3479], "val_step_lr": [], "lr": [0.028, 0.028, 0.028, 0.028]}, "0.029": {"train_loss": [0.0255120849609375, 1.9614085114002229], "train_acc": [0.00109375, 0.279765625], "val_step_loss": [2.3229447195801556, 1.7474413325514975], "val_step_acc": [0.1075, 0.3495], "val_step_lr": [],