{"0.0001": {"train_loss": [0.04870819091796875, 1.9789598655700684], "train_acc": [0.00203125, 0.27625], "val_step_loss": [2.31397784948349, 1.7699642539024354], "val_step_acc": [0.1936, 0.3628], "val_step_lr": [], "lr": [0.0001, 0.0001, 0.0001, 0.0001]}, "0.00030000000000000003": {"train_loss": [0.0473602294921875, 2.0509022951126097], "train_acc": [0.00265625, 0.25875], "val_step_loss": [2.783344805240631, 1.8170082330703736], "val_step_acc": [0.2128, 0.3448], "val_step_lr": [], "lr": [0.00030000000000000003, 0.00030000000000000003, 0.00030000000000000003, 0.00030000000000000003]}, "0.0005000000000000001": {"train_loss": [0.04773223876953125, 2.2111109495162964], "train_acc": [0.00296875, 0.22328125], "val_step_loss": [3.0919716119766236, 1.9594947278499604], "val_step_acc": [0.2204, 0.2908], "val_step_lr": [], "lr": [0.0005000000000000001, 0.0005000000000000001, 0.0005000000000000001, 0.0005000000000000001]}, "0.0007000000000000001": {"train_loss": [0.04859161376953125, 2.310931658744812], "train_acc": [0.00140625, 0.19859375], "val_step_loss": [3.254159414768219, 2.020120543241501], "val_step_acc": [0.218, 0.266], "val_step_lr": [], "lr": [0.0007000000000000001, 0.0007000000000000001, 0.0007000000000000001, 0.0007000000000000001]}, "0.0009000000000000002": {"train_loss": [0.050434417724609375, 2.385895023345947], "train_acc": [0.00140625, 0.19265625], "val_step_loss": [4.746481394767761, 2.014777898788452], "val_step_acc": [0.178, 0.2752], "val_step_lr": [], "lr": [0.0009000000000000002, 0.0009000000000000002, 0.0009000000000000002, 0.0009000000000000002]}, "0.0011000000000000003": {"train_loss": [0.04561569213867187, 2.4009344005584716], "train_acc": [0.00328125, 0.15828125], "val_step_loss": [3.837594413757324, 2.105330413579941], "val_step_acc": [0.202, 0.1876], "val_step_lr": [], "lr": [0.0011000000000000003, 0.0011000000000000003, 0.0011000000000000003, 0.0011000000000000003]}, "0.0013000000000000002": {"train_loss": [0.048123779296875, 2.420227394104004], "train_acc": [0.001875, 0.17015625], "val_step_loss": [4.559058845043182, 2.0827943682670593], "val_step_acc": [0.1692, 0.2048], "val_step_lr": [], "lr": [0.0013000000000000002, 0.0013000000000000002, 0.0013000000000000002, 0.0013000000000000002]}, "0.0015000000000000002": {"train_loss": [0.048987503051757815, 2.6882194566726683], "train_acc": [0.00234375, 0.13078125], "val_step_loss": [4.339638221263885, 2.3472440361976625], "val_step_acc": [0.176, 0.1088], "val_step_lr": [], "lr": [0.0015000000000000002, 0.0015000000000000002, 0.0015000000000000002, 0.0015000000000000002]}, "0.0017000000000000003": {"train_loss": [0.04878952026367187, 2.816914472579956], "train_acc": [0.00109375, 0.135], "val_step_loss": [4.773286247253418, 2.2207311630249023], "val_step_acc": [0.1604, 0.148], "val_step_lr": [], "lr": [0.0017000000000000003, 0.0017000000000000003, 0.0017000000000000003, 0.0017000000000000003]}, "0.0019000000000000004": {"train_loss": [0.046235580444335934, 2.6614026165008546], "train_acc": [0.00359375, 0.115625], "val_step_loss": [4.492252445220947, 2.2842568874359133], "val_step_acc": [0.1564, 0.1512], "val_step_lr": [], "lr": [0.0019000000000000004, 0.0019000000000000004, 0.0019000000000000004, 0.0019000000000000004]}, "0.0021000000000000003": {"train_loss": [0.04889015197753906, 2.7875805950164794], "train_acc": [0.0015625, 0.15265625], "val_step_loss": [4.478798878192902, 2.2407591104507447], "val_step_acc": [0.1944, 0.166], "val_step_lr": [], "lr": [0.0021000000000000003, 0.0021000000000000003, 0.0021000000000000003, 0.0021000000000000003]}, "0.0023000000000000004": {"train_loss": [0.04806564331054688, 2.7370583820343017], "train_acc": [0.0021875, 0.098125], "val_step_loss": [4.49689611196518, 2.3376283049583435], "val_step_acc": [0.1784, 0.1], "val_step_lr": [], "lr": [0.0023000000000000004, 0.0023000000000000004, 0.0023000000000000004, 0.0023000000000000004]}, "0.0025": {"train_loss": [0.046452178955078124, 2.830171184539795], "train_acc": [0.003125, 0.10125], "val_step_loss": [5.7846067428588865, 2.4034104704856873], "val_step_acc": [0.174, 0.1], "val_step_lr": [], "lr": [0.0025, 0.0025, 0.0025, 0.0025]}, "0.0027": {"train_loss": [0.04814132690429687, 2.856833915710449], "train_acc": [0.00125, 0.101875], "val_step_loss": [6.153315281867981, 2.394606077671051], "val_step_acc": [0.1824, 0.1], "val_step_lr": [], "lr": [0.0027, 0.0027, 0.0027, 0.0027]}, "0.0029000000000000002": {"train_loss": [0.04846710205078125, 2.7254533195495605], "train_acc": [0.0021875, 0.11984375], "val_step_loss": [4.322445297241211, 2.235564947128296], "val_step_acc": [0.1468, 0.138], "val_step_lr": [], "lr": [0.0029000000000000002, 0.0029000000000000002, 0.0029000000000000002, 0.0029000000000000002]}, "0.0031000000000000003": {"train_loss": [0.04691810607910156, 2.7896531581878663], "train_acc": [0.00265625, 0.1275], "val_step_loss": [5.219391465187073, 2.310712659358978], "val_step_acc": [0.1304, 0.1476], "val_step_lr": [], "lr": [0.0031000000000000003, 0.0031000000000000003, 0.0031000000000000003, 0.0031000000000000003]}, "0.0033000000000000004": {"train_loss": [0.0503253173828125, 2.784616594314575], "train_acc": [0.00203125, 0.12609375], "val_step_loss": [4.999316620826721, 2.3821605920791624], "val_step_acc": [0.1396, 0.1], "val_step_lr": [], "lr": [0.0033000000000000004, 0.0033000000000000004, 0.0033000000000000004, 0.0033000000000000004]}, "0.0035000000000000005": {"train_loss": [0.0500457763671875, 2.7338480949401855], "train_acc": [0.0025, 0.1075], "val_step_loss": [5.457053184509277, 2.3896719098091124], "val_step_acc": [0.1104, 0.1], "val_step_lr": [], "lr": [0.0035000000000000005, 0.0035000000000000005, 0.0035000000000000005, 0.0035000000000000005]}, "0.0037000000000000006": {"train_loss": [0.04839599609375, 2.7608262634277345], "train_acc": [0.00265625, 0.1075], "val_step_loss": [6.113124537467956, 2.356223726272583], "val_step_acc": [0.1248, 0.1], "val_step_lr": [], "lr": [0.0037000000000000006, 0.0037000000000000006, 0.0037000000000000006, 0.0037000000000000006]}, "0.0039000000000000007": {"train_loss": [0.04961288452148437, 2.7884997081756593], "train_acc": [0.001875, 0.10171875], "val_step_loss": [4.2451254487037655, 2.388703405857086], "val_step_acc": [0.1756, 0.1], "val_step_lr": [], "lr": [0.0039000000000000007, 0.0039000000000000007, 0.0039000000000000007, 0.0039000000000000007]}, "0.004100000000000001": {"train_loss": [0.04615158081054688, 2.9727116680145262], "train_acc": [0.003125, 0.0915625], "val_step_loss": [7.02552649974823, 2.3444546937942503], "val_step_acc": [0.1312, 0.1], "val_step_lr": [], "lr": [0.004100000000000001, 0.004100000000000001, 0.004100000000000001, 0.004100000000000001]}, "0.004300000000000001": {"train_loss": [0.048617706298828126, 3.1093241500854494], "train_acc": [0.0021875, 0.11921875], "val_step_loss": [5.70075364112854, 2.3526657938957216], "val_step_acc": [0.1408, 0.1452], "val_step_lr": [], "lr": [0.004300000000000001, 0.004300000000000001, 0.004300000000000001, 0.004300000000000001]}, "0.004500000000000001": {"train_loss": [0.0479302978515625, 2.8373102855682375], "train_acc": [0.001875, 0.11015625], "val_step_loss": [6.078545498847961, 2.32035094499588], "val_step_acc": [0.1312, 0.1332], "val_step_lr": [], "lr": [0.004500000000000001, 0.004500000000000001, 0.004500000000000001, 0.004500000000000001]}, "0.004700000000000001": {"train_loss": [0.05018157958984375, 3.300524826049805], "train_acc": [0.00109375, 0.098125], "val_step_loss": [7.6082581043243405, 2.3249002933502196], "val_step_acc": [0.144, 0.1], "val_step_lr": [], "lr": [0.004700000000000001, 0.004700000000000001, 0.004700000000000001, 0.004700000000000001]}, "0.004900000000000001": {"train_loss": [0.04891563415527344, 2.981707239151001], "train_acc": [0.0021875, 0.0990625], "val_step_loss": [7.371681141853332, 2.407983362674713], "val_step_acc": [0.1064, 0.1], "val_step_lr": [], "lr": [0.004900000000000001, 0.004900000000000001, 0.004900000000000001, 0.004900000000000001]},