{"0.0001": {"train_loss": [0.055250625610351566, 2.39269962310791], "train_acc": [0.00140625, 0.1175], "val_step_loss": [2.3200520396232607, 2.3721941351890563], "val_step_acc": [0.104, 0.1268], "val_step_lr": [], "lr": [0.0001, 0.0001, 0.0001, 0.0001]}, "0.00030000000000000003": {"train_loss": [0.054403553009033205, 2.3775814390182495], "train_acc": [0.00125, 0.14578125], "val_step_loss": [2.3924665451049805, 2.1834403395652773], "val_step_acc": [0.0992, 0.1876], "val_step_lr": [], "lr": [0.00030000000000000003, 0.00030000000000000003, 0.00030000000000000003, 0.00030000000000000003]}, "0.0005000000000000001": {"train_loss": [0.04877544403076172, 2.4234288501739503], "train_acc": [0.00265625, 0.14328125], "val_step_loss": [2.3149148344993593, 2.243742287158966], "val_step_acc": [0.0892, 0.196], "val_step_lr": [], "lr": [0.0005000000000000001, 0.0005000000000000001, 0.0005000000000000001, 0.0005000000000000001]}, "0.0007000000000000001": {"train_loss": [0.05544181823730469, 2.463618903160095], "train_acc": [0.00203125, 0.1525], "val_step_loss": [2.3026347041130064, 2.1881078839302064], "val_step_acc": [0.0892, 0.2116], "val_step_lr": [], "lr": [0.0007000000000000001, 0.0007000000000000001, 0.0007000000000000001, 0.0007000000000000001]}, "0.0009000000000000002": {"train_loss": [0.0539215087890625, 2.4029665660858153], "train_acc": [0.00109375, 0.17984375], "val_step_loss": [2.3384539008140566, 2.7792163610458376], "val_step_acc": [0.1096, 0.2256], "val_step_lr": [], "lr": [0.0009000000000000002, 0.0009000000000000002, 0.0009000000000000002, 0.0009000000000000002]}, "0.0011000000000000003": {"train_loss": [0.05499416351318359, 2.497602758407593], "train_acc": [0.00171875, 0.17609375], "val_step_loss": [2.3156686186790467, 2.403469002246857], "val_step_acc": [0.086, 0.2392], "val_step_lr": [], "lr": [0.0011000000000000003, 0.0011000000000000003, 0.0011000000000000003, 0.0011000000000000003]}, "0.0013000000000000002": {"train_loss": [0.0517559814453125, 2.493492116928101], "train_acc": [0.0015625, 0.165], "val_step_loss": [2.313494336605072, 2.570880275964737], "val_step_acc": [0.086, 0.26], "val_step_lr": [], "lr": [0.0013000000000000002, 0.0013000000000000002, 0.0013000000000000002, 0.0013000000000000002]}, "0.0015000000000000002": {"train_loss": [0.05398162841796875, 2.527169737815857], "train_acc": [0.00203125, 0.18515625], "val_step_loss": [2.336445116996765, 1.9810806095600129], "val_step_acc": [0.1164, 0.2408], "val_step_lr": [], "lr": [0.0015000000000000002, 0.0015000000000000002, 0.0015000000000000002, 0.0015000000000000002]}, "0.0017000000000000003": {"train_loss": [0.05031064987182617, 2.4924367475509643], "train_acc": [0.0021875, 0.18234375], "val_step_loss": [2.2969260931015016, 1.9323401749134064], "val_step_acc": [0.1316, 0.2724], "val_step_lr": [], "lr": [0.0017000000000000003, 0.0017000000000000003, 0.0017000000000000003, 0.0017000000000000003]}, "0.0019000000000000004": {"train_loss": [0.05276588439941406, 2.603224778175354], "train_acc": [0.0021875, 0.15140625], "val_step_loss": [2.3038521647453307, 2.4731228053569794], "val_step_acc": [0.1032, 0.2308], "val_step_lr": [], "lr": [0.0019000000000000004, 0.0019000000000000004, 0.0019000000000000004, 0.0019000000000000004]}, "0.0021000000000000003": {"train_loss": [0.05282829284667969, 2.7122507286071778], "train_acc": [0.00296875, 0.16734375], "val_step_loss": [2.385331153869629, 1.9187789559364319], "val_step_acc": [0.0868, 0.244], "val_step_lr": [], "lr": [0.0021000000000000003, 0.0021000000000000003, 0.0021000000000000003, 0.0021000000000000003]}, "0.0023000000000000004": {"train_loss": [0.051484565734863284, 2.7499231910705566], "train_acc": [0.0021875, 0.15359375], "val_step_loss": [2.327005994319916, 2.0216189324855804], "val_step_acc": [0.1012, 0.2384], "val_step_lr": [], "lr": [0.0023000000000000004, 0.0023000000000000004, 0.0023000000000000004, 0.0023000000000000004]}, "0.0025": {"train_loss": [0.053951683044433596, 2.7378591680526734], "train_acc": [0.00140625, 0.170625], "val_step_loss": [2.358385992050171, 3.50477112531662], "val_step_acc": [0.1076, 0.1948], "val_step_lr": [], "lr": [0.0025, 0.0025, 0.0025, 0.0025]}, "0.0027": {"train_loss": [0.0530816650390625, 2.744005241394043], "train_acc": [0.00109375, 0.180625], "val_step_loss": [2.3324499845504763, 1.991082638502121], "val_step_acc": [0.1004, 0.26], "val_step_lr": [], "lr": [0.0027, 0.0027, 0.0027, 0.0027]}, "0.0029000000000000002": {"train_loss": [0.05664169311523438, 3.0756815814971925], "train_acc": [0.00125, 0.1425], "val_step_loss": [2.307262396812439, 9.238473582267762], "val_step_acc": [0.094, 0.1872], "val_step_lr": [], "lr": [0.0029000000000000002, 0.0029000000000000002, 0.0029000000000000002, 0.0029000000000000002]}, "0.0031000000000000003": {"train_loss": [0.054371337890625, 3.055190796852112], "train_acc": [0.00265625, 0.1490625], "val_step_loss": [2.3397647023200987, 21.167595052719115], "val_step_acc": [0.0864, 0.1684], "val_step_lr": [], "lr": [0.0031000000000000003, 0.0031000000000000003, 0.0031000000000000003, 0.0031000000000000003]}, "0.0033000000000000004": {"train_loss": [0.05197601318359375, 3.094950819015503], "train_acc": [0.0025, 0.1409375], "val_step_loss": [2.3463919878005983, 2.0656627237796785], "val_step_acc": [0.0992, 0.2012], "val_step_lr": [], "lr": [0.0033000000000000004, 0.0033000000000000004, 0.0033000000000000004, 0.0033000000000000004]}, "0.0035000000000000005": {"train_loss": [0.05043212890625, 3.3195509815216067], "train_acc": [0.00171875, 0.14453125], "val_step_loss": [2.3204702377319335, 166.35420112609864], "val_step_acc": [0.0884, 0.15], "val_step_lr": [], "lr": [0.0035000000000000005, 0.0035000000000000005, 0.0035000000000000005, 0.0035000000000000005]}, "0.0037000000000000006": {"train_loss": [0.054943389892578125, 3.2047192239761353], "train_acc": [0.00171875, 0.1315625], "val_step_loss": [2.3194940447807313, 29.92567620277405], "val_step_acc": [0.1108, 0.1664], "val_step_lr": [], "lr": [0.0037000000000000006, 0.0037000000000000006, 0.0037000000000000006, 0.0037000000000000006]}, "0.0039000000000000007": {"train_loss": [0.05375972747802735, 3.3682268857955933], "train_acc": [0.0025, 0.15328125], "val_step_loss": [2.319752240180969, 1.9876595973968505], "val_step_acc": [0.0928, 0.242], "val_step_lr": [], "lr": [0.0039000000000000007, 0.0039000000000000007, 0.0039000000000000007, 0.0039000000000000007]}, "0.004100000000000001": {"train_loss": [0.05431858062744141, 3.2587043190002443], "train_acc": [0.0021875, 0.13296875], "val_step_loss": [2.330081880092621, 129.31602783203124], "val_step_acc": [0.1032, 0.1688], "val_step_lr": [], "lr": [0.004100000000000001, 0.004100000000000001, 0.004100000000000001, 0.004100000000000001]}, "0.004300000000000001": {"train_loss": [0.0552532958984375, 3.4419343996047975], "train_acc": [0.00265625, 0.11484375], "val_step_loss": [2.3108978986740114, 21.516472482681273], "val_step_acc": [0.1384, 0.1352], "val_step_lr": [], "lr": [0.004300000000000001, 0.004300000000000001, 0.004300000000000001, 0.004300000000000001]}, "0.004500000000000001": {"train_loss": [0.05673004150390625, 3.5056245517730713], "train_acc": [0.0021875, 0.11640625], "val_step_loss": [2.3342857241630552, 1177.0843719482423], "val_step_acc": [0.098, 0.1292], "val_step_lr": [], "lr": [0.004500000000000001, 0.004500000000000001, 0.004500000000000001, 0.004500000000000001]}, "0.004700000000000001": {"train_loss": [0.04891155242919922, 3.4749769115448], "train_acc": [0.00359375, 0.11609375], "val_step_loss": [2.308990955352783, 319.5591239929199], "val_step_acc": [0.0976, 0.106], "val_step_lr": [], "lr": [0.004700000000000001, 0.004700000000000001, 0.004700000000000001, 0.004700000000000001]}, "0.004900000000000001": {"train_loss": [0.05086101531982422, 3.442799015045166], "train_acc": [0.0025, 0.12234375], "val_step_loss": [2.3221741676330567, 4.555217874050141], "val_step_acc": [0.0868, 0.1356], "val_step_lr": [],