{"0.0001": {"train_loss": [0.05042068481445312, 2.079369459152222], "train_acc": [0.00171875, 0.22515625], "val_step_loss": [2.303866183757782, 1.8594299733638764], "val_step_acc": [0.0796, 0.318], "val_step_lr": [], "lr": [0.0001, 0.0001, 0.0001, 0.0001]}, "0.00030000000000000003": {"train_loss": [0.0540081787109375, 1.9627223110198975], "train_acc": [0.0021875, 0.2621875], "val_step_loss": [2.319653272628784, 1.896265733242035], "val_step_acc": [0.0968, 0.3432], "val_step_lr": [], "lr": [0.00030000000000000003, 0.00030000000000000003, 0.00030000000000000003, 0.00030000000000000003]}, "0.0005000000000000001": {"train_loss": [0.05203483581542969, 1.946555438041687], "train_acc": [0.0021875, 0.28359375], "val_step_loss": [2.3103785872459413, 1.739438533782959], "val_step_acc": [0.0952, 0.3532], "val_step_lr": [], "lr": [0.0005000000000000001, 0.0005000000000000001, 0.0005000000000000001, 0.0005000000000000001]}, "0.0007000000000000001": {"train_loss": [0.05168106079101562, 1.9218173146247863], "train_acc": [0.0015625, 0.28953125], "val_step_loss": [2.314200246334076, 1.754917311668396], "val_step_acc": [0.11, 0.3784], "val_step_lr": [], "lr": [0.0007000000000000001, 0.0007000000000000001, 0.0007000000000000001, 0.0007000000000000001]}, "0.0009000000000000002": {"train_loss": [0.04836700439453125, 1.8969219350814819], "train_acc": [0.0025, 0.29296875], "val_step_loss": [2.3127902030944822, 1.8465635240077973], "val_step_acc": [0.0924, 0.3536], "val_step_lr": [], "lr": [0.0009000000000000002, 0.0009000000000000002, 0.0009000000000000002, 0.0009000000000000002]}, "0.0011000000000000003": {"train_loss": [0.04907363891601563, 1.8999517846107483], "train_acc": [0.00234375, 0.29421875], "val_step_loss": [2.325170576572418, 1.7991123735904693], "val_step_acc": [0.1188, 0.35], "val_step_lr": [], "lr": [0.0011000000000000003, 0.0011000000000000003, 0.0011000000000000003, 0.0011000000000000003]}, "0.0013000000000000002": {"train_loss": [0.048835372924804686, 1.941810622215271], "train_acc": [0.00234375, 0.27328125], "val_step_loss": [2.3739800572395326, 1.8690841615200042], "val_step_acc": [0.0996, 0.3476], "val_step_lr": [], "lr": [0.0013000000000000002, 0.0013000000000000002, 0.0013000000000000002, 0.0013000000000000002]}, "0.0015000000000000002": {"train_loss": [0.05081512451171875, 1.9468343925476075], "train_acc": [0.00171875, 0.28015625], "val_step_loss": [2.3953126072883606, 1.860224837064743], "val_step_acc": [0.1, 0.3204], "val_step_lr": [], "lr": [0.0015000000000000002, 0.0015000000000000002, 0.0015000000000000002, 0.0015000000000000002]}, "0.0017000000000000003": {"train_loss": [0.051403656005859374, 1.9425749826431273], "train_acc": [0.00265625, 0.28375], "val_step_loss": [2.3442541480064394, 1.766372549533844], "val_step_acc": [0.0956, 0.3496], "val_step_lr": [], "lr": [0.0017000000000000003, 0.0017000000000000003, 0.0017000000000000003, 0.0017000000000000003]}, "0.0019000000000000004": {"train_loss": [0.050753173828125, 1.937679612636566], "train_acc": [0.00203125, 0.2734375], "val_step_loss": [2.4625422835350035, 1.8810341835021973], "val_step_acc": [0.0808, 0.3372], "val_step_lr": [], "lr": [0.0019000000000000004, 0.0019000000000000004, 0.0019000000000000004, 0.0019000000000000004]}, "0.0021000000000000003": {"train_loss": [0.050356597900390626, 1.936565728187561], "train_acc": [0.00109375, 0.28203125], "val_step_loss": [2.5624432802200316, 1.9275284171104432], "val_step_acc": [0.1004, 0.3436], "val_step_lr": [], "lr": [0.0021000000000000003, 0.0021000000000000003, 0.0021000000000000003, 0.0021000000000000003]}, "0.0023000000000000004": {"train_loss": [0.04982940673828125, 1.9742280340194702], "train_acc": [0.0015625, 0.284375], "val_step_loss": [2.6031657218933106, 1.8619578540325166], "val_step_acc": [0.1004, 0.3376], "val_step_lr": [], "lr": [0.0023000000000000004, 0.0023000000000000004, 0.0023000000000000004, 0.0023000000000000004]}, "0.0025": {"train_loss": [0.051224441528320314, 1.9636357784271241], "train_acc": [0.0025, 0.27625], "val_step_loss": [2.5761824369430544, 1.7683653771877288], "val_step_acc": [0.0892, 0.3488], "val_step_lr": [], "lr": [0.0025, 0.0025, 0.0025, 0.0025]}, "0.0027": {"train_loss": [0.05134185791015625, 2.0057888412475586], "train_acc": [0.0028125, 0.259375], "val_step_loss": [3.9762617349624634, 1.8745660126209258], "val_step_acc": [0.1, 0.33], "val_step_lr": [], "lr": [0.0027, 0.0027, 0.0027, 0.0027]}, "0.0029000000000000002": {"train_loss": [0.0494525146484375, 2.028407893180847], "train_acc": [0.00171875, 0.26546875], "val_step_loss": [4.238903558254242, 2.0223438024520872], "val_step_acc": [0.1, 0.294], "val_step_lr": [], "lr": [0.0029000000000000002, 0.0029000000000000002, 0.0029000000000000002, 0.0029000000000000002]}, "0.0031000000000000003": {"train_loss": [0.05105293273925781, 2.0356785345077513], "train_acc": [0.00125, 0.258125], "val_step_loss": [4.860834074020386, 2.0248686015605926], "val_step_acc": [0.1, 0.2604], "val_step_lr": [], "lr": [0.0031000000000000003, 0.0031000000000000003, 0.0031000000000000003, 0.0031000000000000003]}, "0.0033000000000000004": {"train_loss": [0.051992034912109374, 2.0431092834472655], "train_acc": [0.0015625, 0.2478125], "val_step_loss": [2.3322441935539246, 1.8533162593841552], "val_step_acc": [0.1016, 0.3184], "val_step_lr": [], "lr": [0.0033000000000000004, 0.0033000000000000004, 0.0033000000000000004, 0.0033000000000000004]}, "0.0035000000000000005": {"train_loss": [0.04787200927734375, 2.0442306995391846], "train_acc": [0.003125, 0.25328125], "val_step_loss": [4.724983358383179, 1.7962807953357696], "val_step_acc": [0.1012, 0.3356], "val_step_lr": [], "lr": [0.0035000000000000005, 0.0035000000000000005, 0.0035000000000000005, 0.0035000000000000005]}, "0.0037000000000000006": {"train_loss": [0.051009445190429686, 2.0510291624069215], "train_acc": [0.00171875, 0.25171875], "val_step_loss": [3.64545761346817, 1.9566836893558501], "val_step_acc": [0.1, 0.2948], "val_step_lr": [], "lr": [0.0037000000000000006, 0.0037000000000000006, 0.0037000000000000006, 0.0037000000000000006]}, "0.0039000000000000007": {"train_loss": [0.04882270812988281, 2.0158303070068357], "train_acc": [0.003125, 0.25765625], "val_step_loss": [4.464808559417724, 2.0688614368438722], "val_step_acc": [0.0992, 0.3252], "val_step_lr": [], "lr": [0.0039000000000000007, 0.0039000000000000007, 0.0039000000000000007, 0.0039000000000000007]}, "0.004100000000000001": {"train_loss": [0.052002792358398435, 2.1040936517715454], "train_acc": [0.0009375, 0.23171875], "val_step_loss": [11.285283756256103, 1.9036568522453308], "val_step_acc": [0.1, 0.3164], "val_step_lr": [], "lr": [0.004100000000000001, 0.004100000000000001, 0.004100000000000001, 0.004100000000000001]}, "0.004300000000000001": {"train_loss": [0.05067306518554687, 2.091842465400696], "train_acc": [0.001875, 0.24265625], "val_step_loss": [7.040313124656677, 2.0754031777381896], "val_step_acc": [0.1192, 0.2964], "val_step_lr": [], "lr": [0.004300000000000001, 0.004300000000000001, 0.004300000000000001, 0.004300000000000001]}, "0.004500000000000001": {"train_loss": [0.05112152099609375, 2.092251327037811], "train_acc": [0.00203125, 0.24515625], "val_step_loss": [14.667654323577882, 1.7668588399887084], "val_step_acc": [0.1, 0.3544], "val_step_lr": [], "lr": [0.004500000000000001, 0.004500000000000001, 0.004500000000000001, 0.004500000000000001]}, "0.004700000000000001": {"train_loss": [0.052097015380859375, 2.1239824008941652], "train_acc": [0.0021875, 0.2465625], "val_step_loss": [10.564646100997924, 2.1933678150177003], "val_step_acc": [0.1, 0.2912], "val_step_lr": [], "lr": [0.004700000000000001, 0.004700000000000001, 0.004700000000000001, 0.004700000000000001]}, "0.004900000000000001": {"train_loss": [0.0498822021484375, 2.164336862564087], "train_acc": [0.00265625, 0.2234375], "val_step_loss": [12.941528463363648, 2.589145028591156], "val_step_acc": [0.1, 0.2316], "val_step_lr": [],