{"0.001": {"train_loss": [0.05160896301269531, 2.363911437988281], "train_acc": [0.003125, 0.12625], "val_step_loss": [2.3287111639976503, 2.314193856716156], "val_step_acc": [0.102, 0.1348], "val_step_lr": [], "lr": [0.001, 0.001, 0.001, 0.001]}, "0.005": {"train_loss": [0.0506085205078125, 2.2160470199584963], "train_acc": [0.00203125, 0.16875], "val_step_loss": [2.319164180755615, 2.0960842251777647], "val_step_acc": [0.1188, 0.232], "val_step_lr": [], "lr": [0.005, 0.005, 0.005, 0.005]}, "0.009000000000000001": {"train_loss": [0.05342681884765625, 2.156154222488403], "train_acc": [0.001875, 0.1896875], "val_step_loss": [2.302132856845856, 2.007361525297165], "val_step_acc": [0.1308, 0.266], "val_step_lr": [], "lr": [0.009000000000000001, 0.009000000000000001, 0.009000000000000001, 0.009000000000000001]}, "0.013000000000000001": {"train_loss": [0.05159095764160156, 2.1289680862426756], "train_acc": [0.00234375, 0.2075], "val_step_loss": [2.320456349849701, 1.9452324271202088], "val_step_acc": [0.0924, 0.2864], "val_step_lr": [], "lr": [0.013000000000000001, 0.013000000000000001, 0.013000000000000001, 0.013000000000000001]}, "0.017": {"train_loss": [0.04949203491210938, 2.082843885421753], "train_acc": [0.00234375, 0.22421875], "val_step_loss": [2.320326006412506, 1.926606684923172], "val_step_acc": [0.1112, 0.3132], "val_step_lr": [], "lr": [0.017, 0.017, 0.017, 0.017]}, "0.021": {"train_loss": [0.05129043579101562, 2.073435482978821], "train_acc": [0.00140625, 0.2309375], "val_step_loss": [2.335501217842102, 1.9142386376857758], "val_step_acc": [0.0912, 0.2944], "val_step_lr": [], "lr": [0.021, 0.021, 0.021, 0.021]}, "0.025": {"train_loss": [0.05162078857421875, 2.0516207647323608], "train_acc": [0.00265625, 0.23859375], "val_step_loss": [2.331007695198059, 1.9020177960395812], "val_step_acc": [0.106, 0.3044], "val_step_lr": [], "lr": [0.025, 0.025, 0.025, 0.025]}, "0.029": {"train_loss": [0.050943222045898434, 2.0557383632659914], "train_acc": [0.00265625, 0.23625], "val_step_loss": [2.3341880679130553, 1.9210076987743379], "val_step_acc": [0.0712, 0.2768], "val_step_lr": [], "lr": [0.029, 0.029, 0.029, 0.029]}, "0.033": {"train_loss": [0.049038238525390625, 2.0508311772346497], "train_acc": [0.001875, 0.2375], "val_step_loss": [2.3165644645690917, 1.821334832906723], "val_step_acc": [0.1004, 0.3236], "val_step_lr": [], "lr": [0.033, 0.033, 0.033, 0.033]}, "0.037000000000000005": {"train_loss": [0.05670722961425781, 2.1443805503845215], "train_acc": [0.00125, 0.22421875], "val_step_loss": [2.4349486470222472, 1.92092724442482], "val_step_acc": [0.1, 0.292], "val_step_lr": [], "lr": [0.037000000000000005, 0.037000000000000005, 0.037000000000000005, 0.037000000000000005]}, "0.041": {"train_loss": [0.05147300720214844, 2.096200785636902], "train_acc": [0.00265625, 0.241875], "val_step_loss": [2.356078326702118, 1.9533509850502013], "val_step_acc": [0.102, 0.2828], "val_step_lr": [], "lr": [0.041, 0.041, 0.041, 0.041]}, "0.045": {"train_loss": [0.050905609130859376, 2.1694595336914064], "train_acc": [0.00234375, 0.22203125], "val_step_loss": [2.4131067276000975, 2.095562297105789], "val_step_acc": [0.1, 0.2848], "val_step_lr": [], "lr": [0.045, 0.045, 0.045, 0.045]}, "0.049": {"train_loss": [0.05002433776855469, 2.228249270915985], "train_acc": [0.00203125, 0.220625], "val_step_loss": [2.498905563354492, 1.9673904120922088], "val_step_acc": [0.1012, 0.3012], "val_step_lr": [], "lr": [0.049, 0.049, 0.049, 0.049]}, "0.053000000000000005": {"train_loss": [0.05190841674804687, 2.296534328460693], "train_acc": [0.00203125, 0.21671875], "val_step_loss": [2.3189753770828245, 2.0665915668010713], "val_step_acc": [0.0936, 0.2864], "val_step_lr": [], "lr": [0.053000000000000005, 0.053000000000000005, 0.053000000000000005, 0.053000000000000005]}, "0.057": {"train_loss": [0.05162456512451172, 2.423968024253845], "train_acc": [0.0025, 0.215625], "val_step_loss": [2.8145676970481874, 2.561794650554657], "val_step_acc": [0.1, 0.232], "val_step_lr": [], "lr": [0.057, 0.057, 0.057, 0.057]}, "0.061": {"train_loss": [0.05167755126953125, 2.3933357620239257], "train_acc": [0.00203125, 0.2096875], "val_step_loss": [2.4700971484184264, 2.1813822031021117], "val_step_acc": [0.0984, 0.2784], "val_step_lr": [], "lr": [0.061, 0.061, 0.061, 0.061]}, "0.065": {"train_loss": [0.052516937255859375, 2.4750142097473145], "train_acc": [0.0021875, 0.21359375], "val_step_loss": [2.6743581891059875, 2.211672139167786], "val_step_acc": [0.0984, 0.2704], "val_step_lr": [], "lr": [0.065, 0.065, 0.065, 0.065]}, "0.069": {"train_loss": [0.0474224853515625, 2.424603099822998], "train_acc": [0.00296875, 0.2184375], "val_step_loss": [2.5908718705177307, 2.4538997173309327], "val_step_acc": [0.1068, 0.2984], "val_step_lr": [], "lr": [0.069, 0.069, 0.069, 0.069]}, "0.07300000000000001": {"train_loss": [0.048984832763671875, 2.4848646116256714], "train_acc": [0.0025, 0.21453125], "val_step_loss": [2.618508458137512, 1.8524188101291656], "val_step_acc": [0.0828, 0.324], "val_step_lr": [], "lr": [0.07300000000000001, 0.07300000000000001, 0.07300000000000001, 0.07300000000000001]}, "0.077": {"train_loss": [0.05087516784667969, 2.5038999056816102], "train_acc": [0.00234375, 0.21265625], "val_step_loss": [3.521970808506012, 1.8560933589935302], "val_step_acc": [0.1, 0.3204], "val_step_lr": [], "lr": [0.077, 0.077, 0.077, 0.077]}, "0.081": {"train_loss": [0.04962936401367188, 2.4461540842056273], "train_acc": [0.0028125, 0.2153125], "val_step_loss": [2.8767873525619505, 1.9275332987308502], "val_step_acc": [0.0928, 0.3032], "val_step_lr": [], "lr": [0.081, 0.081, 0.081, 0.081]}, "0.085": {"train_loss": [0.05065460205078125, 2.545648775100708], "train_acc": [0.001875, 0.21515625], "val_step_loss": [4.532371091842651, 2.136503505706787], "val_step_acc": [0.1, 0.306], "val_step_lr": [], "lr": [0.085, 0.085, 0.085, 0.085]}, "0.089": {"train_loss": [0.05174957275390625, 2.64296083688736], "train_acc": [0.001875, 0.216875], "val_step_loss": [4.297029638290406, 1.9544458210468292], "val_step_acc": [0.0956, 0.2924], "val_step_lr": [], "lr": [0.089, 0.089, 0.089, 0.089]}, "0.093": {"train_loss": [0.04844009399414063, 2.564492712020874], "train_acc": [0.0021875, 0.22578125], "val_step_loss": [3.4244502544403077, 2.673225212097168], "val_step_acc": [0.1016, 0.286], "val_step_lr": [], "lr": [0.093, 0.093, 0.093, 0.093]}, "0.097": {"train_loss": [0.05347694396972656, 2.6736595106124876], "train_acc": [0.00171875, 0.22640625], "val_step_loss": [3.2006486654281616, 2.2837767481803892], "val_step_acc": [0.1, 0.2824], "val_step_lr": [], "lr": [0.097, 0.097, 0.097, 0.097]}, "0.101": {"train_loss": [0.04977867126464844, 2.549657635688782], "train_acc": [0.00171875, 0.22890625], "val_step_loss": [4.245401203632355, 2.1461042165756226], "val_step_acc": [0.1, 0.3324], "val_step_lr": [], "lr": [0.101, 0.101, 0.101, 0.101]}, "0.10500000000000001": {"train_loss": [0.05454238891601562, 2.5122633600234985], "train_acc": [0.00171875, 0.22421875], "val_step_loss": [5.224415016174317, 1.9708509743213654], "val_step_acc": [0.0984, 0.31], "val_step_lr": [], "lr": [0.10500000000000001, 0.10500000000000001, 0.10500000000000001, 0.10500000000000001]}, "0.109": {"train_loss": [0.05151176452636719, 2.6644301199913025], "train_acc": [0.001875, 0.214375], "val_step_loss": [4.9075713634490965, 1.9045248627662659], "val_step_acc": [0.098, 0.3], "val_step_lr": [], "lr": [0.109, 0.109, 0.109, 0.109]}, "0.113": {"train_loss": [0.05286346435546875, 2.6923030948638917], "train_acc": [0.00078125, 0.21265625], "val_step_loss": [6.876363325119018, 1.8003702402114867], "val_step_acc": [0.1048, 0.3164], "val_step_lr": [], "lr": [0.113, 0.113, 0.113, 0.113]}, "0.117": {"train_loss": [0.04881362915039063, 2.7066027212142942], "train_acc": [0.00234375, 0.211875], "val_step_loss": [2.9783908843994142, 2.157387578487396], "val_step_acc": [0.0808, 0.2716], "val_step_lr": [], "lr": [0.117, 0.117, 0.117, 0.117]},