{"2e-06": {"train_loss": [0.048504486083984374, 2.219916000366211], "train_acc": [0.0025, 0.1559375], "val_step_loss": [2.424088943004608, 2.0968700885772704], "val_step_acc": [0.1048, 0.2424], "val_step_lr": [], "lr": [2e-06, 2e-06, 2e-06, 2e-06]}, "4e-06": {"train_loss": [0.04957412719726562, 2.129441795349121], "train_acc": [0.00140625, 0.19703125], "val_step_loss": [2.410032868385315, 1.99859362244606], "val_step_acc": [0.0936, 0.2704], "val_step_lr": [], "lr": [4e-06, 4e-06, 4e-06, 4e-06]}, "8e-06": {"train_loss": [0.05001937866210938, 2.0362355422973635], "train_acc": [0.00203125, 0.23359375], "val_step_loss": [2.3950693726539614, 1.9033230185508727], "val_step_acc": [0.1172, 0.3128], "val_step_lr": [], "lr": [8e-06, 8e-06, 8e-06, 8e-06]}, "1.6e-05": {"train_loss": [0.04802536010742187, 2.003895626068115], "train_acc": [0.0021875, 0.25203125], "val_step_loss": [2.365323710441589, 1.8389546751976014], "val_step_acc": [0.1404, 0.3416], "val_step_lr": [], "lr": [1.6e-05, 1.6e-05, 1.6e-05, 1.6e-05]}, "3.2e-05": {"train_loss": [0.04824966430664063, 1.9543301391601562], "train_acc": [0.0021875, 0.26890625], "val_step_loss": [2.2815022349357603, 1.7747515201568604], "val_step_acc": [0.1704, 0.3556], "val_step_lr": [], "lr": [3.2e-05, 3.2e-05, 3.2e-05, 3.2e-05]}, "6.4e-05": {"train_loss": [0.0500323486328125, 1.9521817207336425], "train_acc": [0.00109375, 0.28046875], "val_step_loss": [2.2578535199165346, 1.7855766832828521], "val_step_acc": [0.1812, 0.3632], "val_step_lr": [], "lr": [6.4e-05, 6.4e-05, 6.4e-05, 6.4e-05]}, "0.000128": {"train_loss": [0.048679656982421875, 1.9725603485107421], "train_acc": [0.0015625, 0.27765625], "val_step_loss": [2.3575880885124207, 1.7531086385250092], "val_step_acc": [0.1656, 0.36], "val_step_lr": [], "lr": [0.000128, 0.000128, 0.000128, 0.000128]}, "0.000256": {"train_loss": [0.04847091674804688, 2.0803278636932374], "train_acc": [0.00234375, 0.245], "val_step_loss": [3.2202005624771117, 1.8018806099891662], "val_step_acc": [0.2052, 0.3356], "val_step_lr": [], "lr": [0.000256, 0.000256, 0.000256, 0.000256]}, "0.000512": {"train_loss": [0.0507489013671875, 2.2077426528930664], "train_acc": [0.00203125, 0.22203125], "val_step_loss": [3.7065985679626463, 1.9357837319374085], "val_step_acc": [0.1908, 0.2812], "val_step_lr": [], "lr": [0.000512, 0.000512, 0.000512, 0.000512]}, "0.001024": {"train_loss": [0.04861419677734375, 2.30284077167511], "train_acc": [0.0021875, 0.19], "val_step_loss": [3.843617045879364, 2.038744992017746], "val_step_acc": [0.1968, 0.2512], "val_step_lr": [], "lr": [0.001024, 0.001024, 0.001024, 0.001024]}, "0.002048": {"train_loss": [0.04873550415039062, 2.7245098304748536], "train_acc": [0.00203125, 0.14171875], "val_step_loss": [4.0992513537406925, 2.177979826927185], "val_step_acc": [0.1648, 0.148], "val_step_lr": [], "lr": [0.002048, 0.002048, 0.002048, 0.002048]}, "0.004096": {"train_loss": [0.04920333862304688, 2.9119569396972658], "train_acc": [0.00140625, 0.10515625], "val_step_loss": [5.323727774620056, 2.360693657398224], "val_step_acc": [0.1104, 0.1108], "val_step_lr": [], "lr": [0.004096, 0.004096, 0.004096, 0.004096]}, "0.008192": {"train_loss": [0.0476483154296875, 3.322034215927124], "train_acc": [0.0028125, 0.100625], "val_step_loss": [8.43755316734314, 2.3895158171653748], "val_step_acc": [0.0956, 0.1], "val_step_lr": [], "lr": [0.008192, 0.008192, 0.008192, 0.008192]}, "0.016384": {"train_loss": [0.04930221557617188, 5.532674989700317], "train_acc": [0.00171875, 0.10296875], "val_step_loss": [10.281017303466797, 2.479487144947052], "val_step_acc": [0.1, 0.1], "val_step_lr": [], "lr": [0.016384, 0.016384, 0.016384, 0.016384]}}